DROP TABLE dept;
DROP TABLE emp;
DROP TABLE bonus;
DROP TABLE salgrade;

CREATE TABLE dept
(
	deptno	real	PRIMARY KEY,
	dname	character(14),
	loc	character(13)
);

CREATE TABLE emp
(
	empno	numeric(4,0)	PRIMARY KEY,
	ename	varchar(10),
	job	varchar(9),
	mgr	numeric(4,0),
	hiredate	date,
	sal	numeric(7,2),
	comm	numeric(7,2),
	deptno	numeric(2,0),
	FOREIGN KEY(deptno) REFERENCES dept(deptno)
);

CREATE TABLE bonus
(
	ename	varchar(10),
	job	varchar(9),
	sal	numeric,
	comm	numeric
);

CREATE TABLE salgrade
(
	grade	numeric,
	losal	numeric,
	hisal	numeric
);


INSERT INTO EMP VALUES(7369,'SMITH','CLERK',7902,'17-12-1980',800,NULL,20);
INSERT INTO EMP VALUES(7499,'ALLEN','SALESMAN',7698,'20-2-1981',1600,300,30);
INSERT INTO EMP VALUES(7521,'WARD','SALESMAN',7698,'22-2-1981',1250,500,30);
INSERT INTO EMP VALUES(7566,'JONES','MANAGER',7839,'2-4-1981',2975,NULL,20);
INSERT INTO EMP VALUES(7654,'MARTIN','SALESMAN',7698,'28-9-1981',1250,1400,30);
INSERT INTO EMP VALUES(7698,'BLAKE','MANAGER',7839,'1-5-1981',2850,NULL,30);
INSERT INTO EMP VALUES(7782,'CLARK','MANAGER',7839,'9-6-1981',2450,NULL,10);
INSERT INTO EMP VALUES(7788,'SCOTT','ANALYST',7566,date '13-JUL-87'-85,3000,NULL,20);
INSERT INTO EMP VALUES(7839,'KING','PRESIDENT',NULL,'17-11-1981',5000,NULL,10);
INSERT INTO EMP VALUES(7844,'TURNER','SALESMAN',7698,'8-9-1981',1500,0,30);
INSERT INTO EMP VALUES(7876,'ADAMS','CLERK',7788,date '13-JUL-87'-51,1100,NULL,20);
INSERT INTO EMP VALUES(7900,'JAMES','CLERK',7698,'3-12-1981',950,NULL,30);
INSERT INTO EMP VALUES(7902,'FORD','ANALYST',7566,'3-12-1981',3000,NULL,20);
INSERT INTO EMP VALUES(7934,'MILLER','CLERK',7782,'23-1-1982',1300,NULL,10);


INSERT INTO DEPT VALUES   (10,'ACCOUNTING','NEW YORK');
INSERT INTO DEPT VALUES (20,'RESEARCH','DALLAS');
INSERT INTO DEPT VALUES   (30,'SALES','CHICAGO');
INSERT INTO DEPT VALUES   (40,'OPERATIONS','BOSTON');

INSERT INTO SALGRADE VALUES (1,700,1200); 
INSERT INTO SALGRADE VALUES (2,1201,1400); 
INSERT INTO SALGRADE VALUES (3,1401,2000); 
INSERT INTO SALGRADE VALUES (4,2001,3000); 
INSERT INTO SALGRADE VALUES (5,3001,9999);

SELECT emp.ename, dept.dname FROM emp, dept ORDER BY emp.ename;
SELECT emp.ename FROM emp INNER JOIN dept ON dept.deptno=emp.deptno WHERE dept.dname='DALLAS';
